,CALENDARIO DE CONTENIDOS,,,,,,,,,,
,,,,,,,,,,,
SEMANA,FECHA,FECHA ESPECIAL,PILAR DE CONTENIDO,PLATAFORMA,OBJETIVO,CONTENIDO VISUAL Y FORMATO,,,COPY,REFERENCIA,ESTADO
,,,,,,FORMATO,GANCHO ,GUI√ìN / ESTRUCTURA,,,
SEMANA 3,lunes 17/11,,Educaci√≥n Digital,Instagram,Explicar qu√© es automatizar en lenguaje humano.,Carrusel,"Si todav√≠a hac√©s todo manual, esto te interesa.","1Ô∏è‚É£ Portada: ¬øQu√© significa automatizar tu negocio?
2Ô∏è‚É£ Automatizar no es complicar, es dejar que la tecnolog√≠a trabaje por vos.
3Ô∏è‚É£ En lugar de enviar recordatorios manuales, se env√≠an solos.
4Ô∏è‚É£ En lugar de anotar tus citas, se agendan autom√°ticamente.
5Ô∏è‚É£ As√≠ gan√°s tiempo, foco y menos errores.
6Ô∏è‚É£ Automatizar = simplificar.
7Ô∏è‚É£ Tu negocio puede hacerlo tambi√©n.","Automatizar no es para grandes empresas, es para vos üëá
En Solutive Mind te ayudamos a que tu negocio trabaje solo: recordatorios, emails, agendas y cobros autom√°ticos.
Todo explicado f√°cil, sin tecnicismos.
#automatizacionparapymes #productividad #softwarefacil #negociosdigitales

Contame qu√© tarea te gustar√≠a automatizar primero.",,Listo / En trello
,,,Humanizaci√≥n marca,Instagram,,Historia,Somos Solutive Mind,"Somos Solutive Mind
Creamos sistemas simples para que tu negocio trabaje solo.
Sin palabras raras. Sin estr√©s.
¬øYa automatiz√°s algo? S√≠ / Todav√≠a no‚Äù
Segu√≠nos y descubr√≠ c√≥mo simplificar tu d√≠a.",,,Listo / En trello
,martes 18/11,,Educaci√≥n Digital,Linkedin,Posicionamiento como referente en automatizaci√≥n accesible + generaci√≥n de confianza profesional.,Carrusel,"Automatizar no es un lujo, es una necesidad de gesti√≥n.","En muchos emprendimientos, el cuello de botella no est√° en las ventas, sino en los procesos manuales.

Confirmar citas, enviar correos, registrar pagos... son tareas que ocupan horas valiosas.

Automatizar no significa ser una empresa tecnol√≥gica, significa ordenar el trabajo para poder crecer con control.

En Solutive Mind ayudamos a PyMEs a lograrlo con herramientas simples, explicadas en lenguaje claro.

La productividad no depende de trabajar m√°s, sino de trabajar mejor.

CTA:
 ¬øQu√© proceso repetitivo te gustar√≠a automatizar primero en tu negocio?","En muchos emprendimientos, el verdadero cuello de botella no est√° en las ventas, sino en c√≥mo se gestionan las tareas internas.

Confirmar citas, enviar recordatorios, registrar pagos, responder consultas‚Ä¶
Son microtareas que parecen peque√±as, pero multiplicadas por semanas y meses terminan ocupando horas valiosas de cualquier negocio.

Lo interesante es que la mayor√≠a de las PyMEs no tienen un problema de capacidad:
‚û°Ô∏è tienen un problema de estructura.

Y ah√≠ es donde la automatizaci√≥n marca la diferencia.
Automatizar no significa volverte ‚Äúuna empresa tecnol√≥gica‚Äù o comprar herramientas complejas.
Significa ordenar el trabajo para poder crecer con control y sin saturarte.
Significa que las cosas importantes dejen de depender del tiempo (o el agotamiento) de una persona.

En Solutive Mind acompa√±amos a PyMEs y profesionales a dar ese paso con soluciones simples, accesibles y explicadas de forma clara.
Porque la productividad no depende de trabajar m√°s horas, sino de trabajar de forma m√°s inteligente.

 ¬øQu√© proceso repetitivo te gustar√≠a automatizar primero en tu negocio?",,Listo / En trello
,mi√©rcoles 19/11,,Tip Pr√°ctico/Herramienta,Instagram,,Historia,Un cliente pasaba horas confirmando turnos.,"Historia 1
‚ÄúTe contamos algo que le pas√≥ a uno de nuestros clientes üëá‚Äù
‚ÄúTodos los d√≠as perd√≠a horas confirmando turnos por WhatsApp.
Horas. Literal.‚Äù

Historia 2
‚ÄúLe armamos un chatbot simple que responde y confirma por √©l.
Sin vueltas, sin tecnicismos.‚Äù

¬øEl resultado?
M√°s tiempo para atender‚Ä¶ y cero estr√©s con los mensajes.‚Äù

Historia 3 ‚Äî CTA
‚Äú¬øTe imagin√°s algo as√≠ funcionando en tu negocio?
Escribime y te cuento c√≥mo ser√≠a en tu caso üëâ‚Äù",,,Listo / En trello
,jueves 20/11,,Demostraci√≥n casos,Instagram,Mostrar c√≥mo Solutive Mind soluciona dolores reales.,Carrusel,¬øTe suena este caos?,"1Ô∏è‚É£ Portada: ¬øTe suena este caos?
2Ô∏è‚É£ Clientes que olvidan sus citas.
3Ô∏è‚É£ Pagos que no se registran.
4Ô∏è‚É£ Correos que nunca se env√≠an.
5Ô∏è‚É£ Todo eso puede ser autom√°tico.
6Ô∏è‚É£Implementamos sistemas que lo hacen por vos.
7Ô∏è‚É£ Automatiz√°. Descans√°. Crec√©.","Dej√° de correr detr√°s de los pendientes üß†
Automatiz√° recordatorios, cobros y mails para tener m√°s tiempo y control.
Solutive Mind: tecnolog√≠a clara, accesible y humana.
#automatizacionfacil #negociosdigitales #softwarepyme

üì≤ Agend√° tu diagn√≥stico gratuito y descubr√≠ qu√© podr√≠as automatizar hoy.",,Listo / En trello
,viernes 21/11,,Conversi√≥n/Testimonios,Linkedin,Posicionamiento como referente en automatizaci√≥n accesible + generaci√≥n de confianza profesional.,Carrusel,"El cambio que m√°s notan nuestros clientes no es t√©cnico, es mental.","Hace unos meses trabajamos con un estudio contable que enviaba manualmente m√°s de 100 recordatorios de vencimientos.

Cuando lo automatizamos, lo primero que dijeron fue: ‚ÄòNo puedo creer el alivio mental‚Äô.

La tecnolog√≠a bien usada no quita trabajo: libera energ√≠a.

Por eso nuestra filosof√≠a es clara: explicar la automatizaci√≥n de forma humana.

CTA:
üîÅ Si lider√°s un equipo o negocio, ¬øqu√© tarea te drena energ√≠a cada mes?","Hace unos meses trabajamos con un estudio contable que enviaba manualmente m√°s de 100 recordatorios de vencimientos todos los meses.
Imaginate el desgaste: revisar fechas, copiar textos, confirmar env√≠os‚Ä¶ Una rueda que nunca paraba.

Cuando implementamos la automatizaci√≥n, el primer comentario que hicieron fue:
‚ÄúNo puedo creer el alivio mental.‚Äù

Ese testimonio resume algo clave:
La tecnolog√≠a bien usada no quita trabajo, libera energ√≠a.
Le devuelve claridad a la agenda, baja el estr√©s operativo y permite que los equipos se enfoquen en tareas que s√≠ requieren creatividad y criterio humano.

Por eso, en Solutive Mind tenemos una filosof√≠a simple:
Automatizar es un acto de cuidado, no de reemplazo.
Y empieza explicando las cosas de manera humana, sin tecnicismos, sin intimidar y acompa√±ando cada paso.

CTA:
üîÅ Si lider√°s un equipo o negocio, ¬øqu√© tarea te drena energ√≠a cada mes?",,Listo / En trello
,,,Humanizaci√≥n marca,Instagram,Interacci√≥n,Historia,Eleg√≠ la tarea que m√°s te gustar√≠a automatizar:,"Historia 1
‚ÄúSi pudieras automatizar una sola cosa de tu negocio‚Ä¶ ¬øcu√°l ser√≠a?‚Äù

Historia 2
üì© Env√≠o de mails
üí∞ Recordatorios de pago
üìÖ Agenda de citas
üí¨ Mensajes a clientes
(sticker encuesta)

Historia 3 ‚Äì CTA (versi√≥n recomendada)
‚ÄúEleg√≠ arriba üëÜ
y si quer√©s, analizo tu caso y te digo por d√≥nde empezar.‚Äù",,,Listo / En trello
,s√°bado 22/11,,,,,,,,,,
,domingo 23/11,,,,,,,,,,
SEMANA 4,lunes 24/11,,Educaci√≥n Digital,Instagram,Mostrar impacto real de la automatizaci√≥n.,Carrusel,No se trata solo de ahorrar tiempo. Se trata de crecer.,"1Ô∏è‚É£ Portada: Automatizar no es solo ahorrar tiempo.
2Ô∏è‚É£ Es ordenar tu negocio.
3Ô∏è‚É£ Es liberar tu mente de tareas repetitivas.
4Ô∏è‚É£ Es evitar errores y mejorar la experiencia del cliente.
5Ô∏è‚É£ Es poder escalar sin saturarte.
6Ô∏è‚É£ Automatizar es profesionalizar.
7Ô∏è‚É£ Y pod√©s hacerlo sin ser programador.","Automatizar no es solo hacer m√°s en menos tiempo.
Es escalar tu negocio con estructura y claridad.
Te ayudamos a lograrlo paso a paso.
#automatizacion #crecimientopyme #productividadempresarial

Coment√° ‚ÄúAUTOMATIZAR‚Äù y te mostramos por d√≥nde empezar.",,Listo / En trello
,martes 25/11,,Educaci√≥n Digital,Linkedin,Posicionamiento como referente en automatizaci√≥n accesible + generaci√≥n de confianza profesional.,Carrusel,Los cinco s√≠ntomas de una PyME que necesita automatizar (ya).,"1Ô∏è‚É£ Se repiten los mismos errores cada mes.
2Ô∏è‚É£ Hay tareas que dependen de una sola persona.
3Ô∏è‚É£ Se pierden datos por falta de control.
4Ô∏è‚É£ Los recordatorios y cobros se hacen manualmente.
5Ô∏è‚É£ El due√±o o l√≠der siente que no puede delegar.

Si tu empresa cumple con 3 o m√°s, la automatizaci√≥n puede ser tu mejor aliada.

Y no, no necesit√°s saber programar.
Solo dar el primer paso.

¬øReconoc√©s alguno en tu negocio? Contame cu√°l y te cuento por d√≥nde empezar.","La mayor√≠a de las PyMEs no se da cuenta de que necesita automatizar hasta que el trabajo empieza a desbordar.
Pero hay se√±ales claras que muestran cuando un negocio est√° pidiendo estructura.

Estos son los cinco s√≠ntomas m√°s comunes:

1Ô∏è‚É£ Se repiten los mismos errores cada mes.
Vencimientos olvidados, respuestas tard√≠as, tareas que se pierden entre mensajes.

2Ô∏è‚É£ Hay procesos que dependen de una sola persona.
Si esa persona falta, todo se frena.

3Ô∏è‚É£ Se pierden datos por falta de control.
Pedidos, pagos o consultas que no quedan registradas en ning√∫n sistema.

4Ô∏è‚É£ Los recordatorios y cobros se hacen manualmente.
Esto consume horas y aumenta los errores humanos.

5Ô∏è‚É£ El due√±o o l√≠der siente que no puede delegar.
Porque todo requiere supervisi√≥n constante.

Si tu empresa cumple con 3 o m√°s, la automatizaci√≥n ya no es una opci√≥n:
‚û°Ô∏è Es la herramienta que te va a permitir crecer sin caos.

Y no necesit√°s saber programar.
Solo dar el primer paso con una soluci√≥n clara, simple y accesible.

¬øReconoc√©s alguno en tu negocio? Contame cu√°l y te cuento por d√≥nde empezar.",,Listo / En trello
,,,Humanizaci√≥n marca,Instagram,Mostrar beneficios,Historia,Automatizar no es complicado.,"Automatizar no es complicado.
Es hacer que tu negocio trabaje solo.
M√°s foco. Menos errores. M√°s crecimiento.‚Äù
CTA: ‚ÄúQuer√©s saber c√≥mo? üëâ Env√≠anos mensaje.",,,Listo / En trello
,mi√©rcoles 26/11,,Humanizaci√≥n marca,Instagram,Detr√°s de escena,Historia,As√≠ planificamos una automatizaci√≥n para un cliente ,"As√≠ planificamos una automatizaci√≥n para un cliente üëá
üìç Detectamos tareas repetitivas
üìç Elegimos la herramienta
üìç Configuramos y probamos
üìç Ense√±amos c√≥mo usarla paso a paso
CTA: Quer√©s que armemos la tuya? - link a whatsapp ""escribinos""",,,Listo / En trello
,jueves 27/11,,Humanizaci√≥n marca,Instagram,Mostrar el enfoque humano de la marca.,Reel,Automatizar no es dejar que una m√°quina te reemplace.,"(Clips sobre trabajo remoto o gr√°ficos simples.)
Texto en pantalla:
Automatizar no es dejar que una m√°quina te reemplace.
Es dejar que te ayude.
Para que tengas m√°s tiempo para pensar, crear y disfrutar.
Solutive Mind. Hacemos que tu negocio trabaje solo.
Agend√° tu consulta","No necesit√°s ser t√©cnico para automatizar tu negocio.
Necesit√°s alguien que te lo explique f√°cil.
Somos Solutive Mind: tecnolog√≠a clara, humana y accesible.
#softwareparapymes #automatizacionfacil #negociosdigitales
",,Listo / En trello
,viernes 28/11,,Humanizaci√≥n marca,Linkedin,Posicionamiento como referente en automatizaci√≥n accesible + generaci√≥n de confianza profesional.,Carrusel,La tecnolog√≠a no es fr√≠a. Lo es cuando se comunica mal.,"En Solutive Mind creemos que el verdadero cambio digital empieza con empat√≠a.

No hacemos software para expertos, sino para personas que quieren recuperar su tiempo.

Explicar sin tecnicismos, escuchar antes de programar y acompa√±ar despu√©s de entregar.

Ese es nuestro diferencial.
","En Solutive Mind tenemos una convicci√≥n fuerte:
La tecnolog√≠a no es fr√≠a.
Se vuelve fr√≠a cuando se explica con distancia, con tecnicismos, o desde un lugar que intimida en vez de acompa√±ar.

El verdadero cambio digital empieza con empat√≠a.
Con entender qu√© necesita cada negocio, cu√°l es su mayor dolor, y c√≥mo traducir procesos complejos en soluciones que cualquier persona pueda usar sin miedo.

No hacemos software para expertos.
Creamos soluciones para personas reales, con agendas reales, con problemas reales.
Personas que necesitan recuperar su tiempo, evitar errores y sentir que tienen el control de su negocio.

Por eso escuchamos antes de programar.
Acompa√±amos despu√©s de entregar.
Y explicamos todo con claridad, sin palabras raras.

Esa es nuestra forma de humanizar la tecnolog√≠a.
Y ese es nuestro diferencial.

 Si coincid√≠s con esta visi√≥n, segu√≠ nuestra p√°gina y conversemos sobre c√≥mo humanizar la tecnolog√≠a.",,Listo / En trello
,,,Humanizaci√≥n marca,Instagram,Interacci√≥n,Historia,Terminamos el mes automatizando procesos ,"Terminamos el mes automatizando procesos üí™
¬øQu√© parte de tu negocio te gustar√≠a que trabaje sola?
Sticker pregunta + CTA: Contanos y te mostramos una soluci√≥n.",,,Listo / En trello
,s√°bado 29/11,,,,,,,,,,
,domingo 30/11,,,,,,,,,,